code,title,creator,studio,category,subcategory,price_tez,editions,placed,status,file,description,royalty_pct,licence,source_url,attribution,released
TL-0611,Cascade House,Terra Ledger,Terra Ledger Properties,real-estate,certificates,1682,8400,4200,Live,site/cascade-house.jpg,"A 5,100 sq ft desert-modern residence on a half-acre lot, held on a five-year corporate lease with annual CPI escalation. Scottsdale, Arizona · single-family residential · valuation US$4.20M · target yield 6.1% · US$500 per token.",10,UNSPLASH,https://www.terraledger.org/properties,"Photo: Unsplash, as shown on terraledger.org. Illustrative; replace with photographs of the property.",
TL-0614,The Mercer Block,Terra Ledger,Terra Ledger Properties,real-estate,certificates,1682,57200,37320,Live,site/the-mercer-block.jpg,"Ground-floor retail with fourteen floors of office above, 91% leased with a 6.2-year weighted average lease term. Austin, Texas · mixed-use commercial · valuation US$28.60M · target yield 7.4% · US$500 per token.",10,UNSPLASH,https://www.terraledger.org/properties,"Photo: Unsplash, as shown on terraledger.org. Illustrative; replace with photographs of the property.",
TL-0618,Harborline Lofts,Terra Ledger,Terra Ledger Properties,real-estate,certificates,1682,33500,26800,Live,site/harborline-lofts.jpg,"Forty-two converted warehouse loft units two blocks from the waterfront. Stabilised occupancy of 96% across the last eight quarters. Seattle, Washington · multifamily residential · valuation US$16.75M · target yield 5.8% · US$500 per token.",10,UNSPLASH,https://www.terraledger.org/properties,"Photo: Unsplash, as shown on terraledger.org. Illustrative; replace with photographs of the property.",
TL-0622,Juniper Ridge,Terra Ledger,Terra Ledger Properties,real-estate,certificates,1682,6200,6200,Live,site/juniper-ridge.jpg,"A six-bedroom timber lodge operating on the short-term rental market. Seasonal revenue, distributed monthly. Park City, Utah · short-term rental · valuation US$3.10M · target yield 9.2% · fully subscribed.",10,UNSPLASH,https://www.terraledger.org/properties,"Photo: Unsplash, as shown on terraledger.org. Illustrative; replace with photographs of the property.",
TL-0626,Olive Court,Terra Ledger,Terra Ledger Properties,real-estate,certificates,1682,11800,2950,Live,site/olive-court.jpg,"A recently completed residence in a supply-constrained submarket, acquired below replacement cost and leased to a relocation-services tenant. Coral Gables, Florida · single-family residential · valuation US$5.90M · target yield 6.6% · US$500 per token.",10,UNSPLASH,https://www.terraledger.org/properties,"Photo: Unsplash, as shown on terraledger.org. Illustrative; replace with photographs of the property.",
TL-0630,The Foundry,Terra Ledger,Terra Ledger Properties,real-estate,certificates,8412,1,0,Draft,site/the-foundry.jpg,"A former foundry building undergoing conversion to creative office. Currently in diligence; issuance deploys post-occupancy certificate. Brooklyn, New York · industrial conversion · valuation US$41.30M · opens Q1 · minimum US$2,500. Token supply and price to be set.",10,UNSPLASH,https://www.terraledger.org/properties,"Photo: Unsplash, as shown on terraledger.org. Illustrative; replace with photographs of the property.",
TL-0417,Cadastral,Ilse Verhoeven,Terra Ledger Editions,art,generative,180,256,184,Live,site/cadastral.jpg,"Contour fields generated from the public survey data of the six counties we hold property in. Generative, digital-native.",10,UNSPLASH,https://www.terraledger.org/art,"Image: Unsplash, as shown on terraledger.org. A stand-in for the original work; replace before sale.",
TL-0418,Ground Truth,Mateo Salinas,Terra Ledger Editions,art,digital-painting,4200,12,5,Live,site/ground-truth.jpg,"Oil and graphite on linen, 140 × 110 cm. A physical, custodied work held in bonded, climate-controlled storage in Austin.",10,UNSPLASH,https://www.terraledger.org/art,"Image: Unsplash, as shown on terraledger.org. A stand-in for the original work; replace before sale.",
TL-0421,Refraction Study,Noor Haddad,Terra Ledger Editions,art,3d-and-motion,310,128,96,Live,site/refraction-study.jpg,"Real-time WebGL, minted with its own renderer: interlocking translucent solids resolved live in the browser.",10,UNSPLASH,https://www.terraledger.org/art,"Image: Unsplash, as shown on terraledger.org. A stand-in for the original work; replace before sale.",
TL-0436,Signal Decay,June Okafor,Terra Ledger Editions,art,generative,95,512,512,Live,site/signal-decay.jpg,"Pen-plotter drawing, archived as vector. The opening collection; ships as a vector archive for personal plotting.",10,UNSPLASH,https://www.terraledger.org/art,"Image: Unsplash, as shown on terraledger.org. A stand-in for the original work; replace before sale.",
TL-0437,Chroma Deed,Beatriz Lund,Terra Ledger Editions,art,digital-painting,1650,24,17,Live,site/chroma-deed.jpg,"Acrylic on board, 90 × 90 cm. Painted responses to twenty-four deeds drawn from the county records, with annual condition reporting.",10,UNSPLASH,https://www.terraledger.org/art,"Image: Unsplash, as shown on terraledger.org. A stand-in for the original work; replace before sale.",
TL-0438,Ribbonwork,Kenji Alvarez,Terra Ledger Editions,art,3d-and-motion,100,64,0,Draft,site/ribbonwork.jpg,"Motion work, 12-second loop, with renderer and frames held on-chain. Opens Q4; price to be set.",10,UNSPLASH,https://www.terraledger.org/art,"Image: Unsplash, as shown on terraledger.org. A stand-in for the original work; replace before sale.",
TL-0801,Finn the Fox,Terra Ledger Games,Terra Ledger Games,gaming,characters,120,500,0,Live,site/finn-the-fox.jpg,"Dealer character from Twenty-One Showdown, the multiplayer blackjack-style card game with woodland characters: two to four players, four table levels, and a server that deals every card.",10,PROPRIETARY,https://www.terraledger.org/games,,
TL-0802,Olive the Owl,Terra Ledger Games,Terra Ledger Games,gaming,characters,120,500,0,Live,site/olive-the-owl.jpg,"Dealer character from Twenty-One Showdown, the multiplayer blackjack-style card game with woodland characters.",10,PROPRIETARY,https://www.terraledger.org/games,,
TL-0803,Bruno the Bear,Terra Ledger Games,Terra Ledger Games,gaming,characters,120,500,0,Live,site/bruno-the-bear.jpg,"Dealer character from Twenty-One Showdown, the multiplayer blackjack-style card game with woodland characters.",10,PROPRIETARY,https://www.terraledger.org/games,,
TL-0804,Cleo the Cat,Terra Ledger Games,Terra Ledger Games,gaming,characters,120,500,0,Live,site/cleo-the-cat.jpg,"Dealer character from Twenty-One Showdown, the multiplayer blackjack-style card game with woodland characters.",10,PROPRIETARY,https://www.terraledger.org/games,,
TL-0805,Mote,Terra Ledger Games,Terra Ledger Games,gaming,characters,90,1000,0,Live,site/mote.jpg,"From Mote Mayhem: Lab Escape. Pick one of four Motes, collect eight Energy Cores and dodge security robots to escape Sector 07 within 90 seconds.",10,PROPRIETARY,https://www.terraledger.org/games,,
TL-0806,Elemental RPS Arena,Terra Ledger Games,Terra Ledger Games,gaming,collectible-cards,240,250,0,Live,site/elemental-rps-arena.jpg,"Key art for Elemental RPS Arena, a rock-paper-scissors ladder with 15 collectible tiers, from the Copper Sigil (1 in 2) to the Eternal Singularity (1 in 32,768). Every win unlocks a rarer collectible: claim it, or risk it for the next tier.",10,PROPRIETARY,https://www.terraledger.org/games,,
,Olive Trees,Vincent van Gogh,Public domain · The Met,art,digital-painting,5935,25,,Live,open-access/met-437998.jpg,"Olive Trees by Vincent van Gogh — Oil on canvas, 1889. A public-domain work from The Met collection (The Walter H. and Leonore Annenberg Collection, Gift of Walter H. and Leonore Annenberg, 1998, Bequest of Walter H. Annenberg, 2002).",0,CC0,https://www.metmuseum.org/art/collection/search/437998,"The Metropolitan Museum of Art, Open Access. Public domain; image released under CC0.",
,Oleanders,Vincent van Gogh,Public domain · The Met,art,digital-painting,4840,25,,Live,open-access/met-436530.jpg,"Oleanders by Vincent van Gogh — Oil on canvas, 1888. A public-domain work from The Met collection (Gift of Mr. and Mrs. John L. Loeb, 1962).",0,CC0,https://www.metmuseum.org/art/collection/search/436530,"The Metropolitan Museum of Art, Open Access. Public domain; image released under CC0.",
,Sunflowers,Vincent van Gogh,Public domain · The Met,art,digital-painting,8055,25,,Live,open-access/met-436524.jpg,"Sunflowers by Vincent van Gogh — Oil on canvas, 1887. A public-domain work from The Met collection (Rogers Fund, 1949).",0,CC0,https://www.metmuseum.org/art/collection/search/436524,"The Metropolitan Museum of Art, Open Access. Public domain; image released under CC0.",
,Young Woman with a Water Pitcher,Johannes Vermeer,Public domain · The Met,art,digital-painting,5665,25,,Live,open-access/met-437881.jpg,"Young Woman with a Water Pitcher by Johannes Vermeer — Oil on canvas, ca. 1662. A public-domain work from The Met collection (Marquand Collection, Gift of Henry G. Marquand, 1889).",0,CC0,https://www.metmuseum.org/art/collection/search/437881,"The Metropolitan Museum of Art, Open Access. Public domain; image released under CC0.",
,Study of a Young Woman,Johannes Vermeer,Public domain · The Met,art,digital-painting,9200,25,,Live,open-access/met-437879.jpg,"Study of a Young Woman by Johannes Vermeer — Oil on canvas, ca. 1665–67. A public-domain work from The Met collection (Gift of Mr. and Mrs. Charles Wrightsman, in memory of Theodore Rousseau Jr., 1979).",0,CC0,https://www.metmuseum.org/art/collection/search/437879,"The Metropolitan Museum of Art, Open Access. Public domain; image released under CC0.",
,The Card Players,Paul Cézanne,Public domain · The Met,art,digital-painting,6455,25,,Live,open-access/met-435868.jpg,"The Card Players by Paul Cézanne — Oil on canvas, 1890–92. A public-domain work from The Met collection (Bequest of Stephen C. Clark, 1960).",0,CC0,https://www.metmuseum.org/art/collection/search/435868,"The Metropolitan Museum of Art, Open Access. Public domain; image released under CC0.",
,Mont Sainte-Victoire and the Viaduct of the Arc River Valley,Paul Cézanne,Public domain · The Met,art,digital-painting,5340,25,,Live,open-access/met-435877.jpg,"Mont Sainte-Victoire and the Viaduct of the Arc River Valley by Paul Cézanne — Oil on canvas, 1882–85. A public-domain work from The Met collection (H. O. Havemeyer Collection, Bequest of Mrs. H. O. Havemeyer, 1929).",0,CC0,https://www.metmuseum.org/art/collection/search/435877,"The Metropolitan Museum of Art, Open Access. Public domain; image released under CC0.",
,Still Life with Apples and a Pot of Primroses,Paul Cézanne,Public domain · The Met,art,digital-painting,3895,25,,Live,open-access/met-435882.jpg,"Still Life with Apples and a Pot of Primroses by Paul Cézanne — Oil on canvas, ca. 1890. A public-domain work from The Met collection (Bequest of Sam A. Lewisohn, 1951).",0,CC0,https://www.metmuseum.org/art/collection/search/435882,"The Metropolitan Museum of Art, Open Access. Public domain; image released under CC0.",
,By the Seashore,Auguste Renoir,Public domain · The Met,art,digital-painting,4100,25,,Live,open-access/met-437430.jpg,"By the Seashore by Auguste Renoir — Oil on canvas, 1883. A public-domain work from The Met collection (H. O. Havemeyer Collection, Bequest of Mrs. H. O. Havemeyer, 1929).",0,CC0,https://www.metmuseum.org/art/collection/search/437430,"The Metropolitan Museum of Art, Open Access. Public domain; image released under CC0.",
,"Venice, from the Porch of Madonna della Salute",Joseph Mallord William Turner,Public domain · The Met,art,digital-painting,3385,25,,Live,open-access/met-437853.jpg,"Venice, from the Porch of Madonna della Salute by Joseph Mallord William Turner — Oil on canvas, ca. 1835. A public-domain work from The Met collection (Bequest of Cornelius Vanderbilt, 1899).",0,CC0,https://www.metmuseum.org/art/collection/search/437853,"The Metropolitan Museum of Art, Open Access. Public domain; image released under CC0.",
,Mäda Primavesi (1903–2000),Gustav Klimt,Public domain · The Met,art,digital-painting,4315,25,,Live,open-access/met-436819.jpg,"Mäda Primavesi (1903–2000) by Gustav Klimt — Oil on canvas, 1912–13. A public-domain work from The Met collection (Gift of André and Clara Mertens, in memory of her mother, Jenny Pulitzer Steiner, 1964).",0,CC0,https://www.metmuseum.org/art/collection/search/436819,"The Metropolitan Museum of Art, Open Access. Public domain; image released under CC0.",
,Dancer Onstage,Edgar Degas,Public domain · The Met,art,digital-painting,9610,25,,Live,open-access/met-436134.jpg,"Dancer Onstage by Edgar Degas — Gouache over graphite underdrawing on thin wove commercially coated yellow paper, laid down on board, ca. 1877. A public-domain work from The Met collection (The Lesley and Emma Sheafer Collection, Bequest of Emma A. Sheafer, 1973).",0,CC0,https://www.metmuseum.org/art/collection/search/436134,"The Metropolitan Museum of Art, Open Access. Public domain; image released under CC0.",
,Julia Jackson,Julia Margaret Cameron,Public domain · The Met,art,photography,520,50,,Live,open-access/met-267426.jpg,"Julia Jackson by Julia Margaret Cameron — Albumen silver print from glass negative, 1867. A public-domain work from The Met collection (Purchase, Joseph Pulitzer Bequest, 1996).",0,CC0,https://www.metmuseum.org/art/collection/search/267426,"The Metropolitan Museum of Art, Open Access. Public domain; image released under CC0.",
,Charles Hay Cameron,Julia Margaret Cameron,Public domain · The Met,art,photography,415,50,,Live,open-access/met-268690.jpg,"Charles Hay Cameron by Julia Margaret Cameron — Albumen silver print from glass negative, 1864. A public-domain work from The Met collection (Harris Brisbane Dick Fund, 1941).",0,CC0,https://www.metmuseum.org/art/collection/search/268690,"The Metropolitan Museum of Art, Open Access. Public domain; image released under CC0.",
,A Study,Julia Margaret Cameron,Public domain · The Met,art,photography,1240,50,,Live,open-access/met-268691.jpg,"A Study by Julia Margaret Cameron — Albumen silver print from glass negative, 1864. A public-domain work from The Met collection (Harris Brisbane Dick Fund, 1941).",0,CC0,https://www.metmuseum.org/art/collection/search/268691,"The Metropolitan Museum of Art, Open Access. Public domain; image released under CC0.",
,"La Reine Hortense - Yacht de l'empereur, Havre",Gustave Le Gray,Public domain · The Met,art,photography,740,50,,Live,open-access/met-285467.jpg,"La Reine Hortense - Yacht de l'empereur, Havre by Gustave Le Gray — Albumen silver print from glass negative, 1856. A public-domain work from The Met collection (Gilman Collection, Purchase, Jennifer and Joseph Duke Gift, 2005).",0,CC0,https://www.metmuseum.org/art/collection/search/285467,"The Metropolitan Museum of Art, Open Access. Public domain; image released under CC0.",
,"View of the Seine, Paris",Gustave Le Gray,Public domain · The Met,art,photography,1205,50,,Live,open-access/met-285461.jpg,"[View of the Seine, Paris] by Gustave Le Gray — Albumen silver print from glass negative, 1857. A public-domain work from The Met collection (Gilman Collection, Gift of The Howard Gilman Foundation, 2005).",0,CC0,https://www.metmuseum.org/art/collection/search/285461,"The Metropolitan Museum of Art, Open Access. Public domain; image released under CC0.",
,Chêne dans les rochers à Fontainebleau,Gustave Le Gray,Public domain · The Met,art,photography,1230,50,,Live,open-access/met-283122.jpg,"Chêne dans les rochers à Fontainebleau by Gustave Le Gray — Salted paper print from waxed-paper negative, 1849–52. A public-domain work from The Met collection (Gilman Collection, Purchase, The Horace W. Goldsmith Foundation Gift, through Joyce and Robert Menschel, 2005).",0,CC0,https://www.metmuseum.org/art/collection/search/283122,"The Metropolitan Museum of Art, Open Access. Public domain; image released under CC0.",
,Étude de nuages,Gustave Le Gray,Public domain · The Met,art,photography,845,50,,Live,open-access/met-301885.jpg,"Étude de nuages by Gustave Le Gray — Albumen silver print from glass negatives, 1856–57. A public-domain work from The Met collection (Bequest of Maurice B. Sendak, 2012).",0,CC0,https://www.metmuseum.org/art/collection/search/301885,"The Metropolitan Museum of Art, Open Access. Public domain; image released under CC0.",
,"Yosemite National Park, California",Carleton E. Watkins,Public domain · The Met,art,photography,920,50,,Live,open-access/met-732755.jpg,"[Yosemite National Park, California] by Carleton E. Watkins — Albumen silver print from glass negative, ca. 1878. A public-domain work from The Met collection (Gilman Collection, Gift of The Howard Gilman Foundation, 2005).",0,CC0,https://www.metmuseum.org/art/collection/search/732755,"The Metropolitan Museum of Art, Open Access. Public domain; image released under CC0.",
,"Yosemite National Park, California",Carleton E. Watkins,Public domain · The Met,art,photography,405,50,,Live,open-access/met-732757.jpg,"[Yosemite National Park, California] by Carleton E. Watkins — Albumen silver print from glass negative, ca. 1878. A public-domain work from The Met collection (Gilman Collection, Gift of The Howard Gilman Foundation, 2005).",0,CC0,https://www.metmuseum.org/art/collection/search/732757,"The Metropolitan Museum of Art, Open Access. Public domain; image released under CC0.",
,"Yosemite National Park, California",Carleton E. Watkins,Public domain · The Met,art,photography,450,50,,Live,open-access/met-732761.jpg,"[Yosemite National Park, California] by Carleton E. Watkins — Albumen silver print from glass negative, ca. 1878. A public-domain work from The Met collection (Gilman Collection, Gift of The Howard Gilman Foundation, 2005).",0,CC0,https://www.metmuseum.org/art/collection/search/732761,"The Metropolitan Museum of Art, Open Access. Public domain; image released under CC0.",
,Attitudes of Animals in Motion,Eadweard Muybridge,Public domain · The Met,art,3d-and-motion,2690,40,,Live,open-access/met-700109.jpg,"Attitudes of Animals in Motion by Eadweard Muybridge — Albumen silver print, 1879, printed 1881. A public-domain work from The Met collection (Gift of Joyce F. Menschel, 2015).",0,CC0,https://www.metmuseum.org/art/collection/search/700109,"The Metropolitan Museum of Art, Open Access. Public domain; image released under CC0.",
,"Animal Locomotion.  An Electro-Photographic Investigation of Consecutive Phases of Animal Movements.  Commenced 1872 - Completed 1885.  Volume XI, Wild Animals and Birds",Eadweard Muybridge,Public domain · The Met,art,3d-and-motion,2780,40,,Live,open-access/met-266431.jpg,"Animal Locomotion.  An Electro-Photographic Investigation of Consecutive Phases of Animal Movements.  Commenced 1872 - Completed 1885.  Volume XI, Wild Animals and Birds by Eadweard Muybridge — Photogravures, 1880s. A public-domain work from The Met collection (Rogers Fund, transferred from the Library).",0,CC0,https://www.metmuseum.org/art/collection/search/266431,"The Metropolitan Museum of Art, Open Access. Public domain; image released under CC0.",
,The Head of Mrs. Russell,Auguste Rodin,Public domain · The Met,art,3d-and-motion,2480,40,,Live,open-access/met-191850.jpg,"The Head of Mrs. Russell by Auguste Rodin — Cast plaster, modeled ca. 1890, cast before 1912. A public-domain work from The Met collection (Gift of Auguste Rodin, 1912).",0,CC0,https://www.metmuseum.org/art/collection/search/191850,"The Metropolitan Museum of Art, Open Access. Public domain; image released under CC0.",
,Thomas Fortune Ryan,Auguste Rodin,Public domain · The Met,art,3d-and-motion,2655,40,,Live,open-access/met-191812.jpg,"Thomas Fortune Ryan by Auguste Rodin — Bronze, modeled 1909. A public-domain work from The Met collection (Gift of Auguste Rodin, 1911).",0,CC0,https://www.metmuseum.org/art/collection/search/191812,"The Metropolitan Museum of Art, Open Access. Public domain; image released under CC0.",
,The Vestal,Antonio Canova,Public domain · The Met,art,3d-and-motion,1415,40,,Live,open-access/met-187396.jpg,"The Vestal by Antonio Canova — Marble, probably ca. 1819–23. A public-domain work from The Met collection (Gift of a number of friends through Miss Sarah Lazarus, 1891).",0,CC0,https://www.metmuseum.org/art/collection/search/187396,"The Metropolitan Museum of Art, Open Access. Public domain; image released under CC0.",
,Head of Medusa,Antonio Canova,Public domain · The Met,art,3d-and-motion,1940,40,,Live,open-access/met-204759.jpg,"Head of Medusa by Antonio Canova — Plaster cast, with modern metal rod, 1806–7. A public-domain work from The Met collection (Fletcher Fund, 1967).",0,CC0,https://www.metmuseum.org/art/collection/search/204759,"The Metropolitan Museum of Art, Open Access. Public domain; image released under CC0.",
,Second Arabesque,Edgar Degas,Public domain · The Met,art,3d-and-motion,1155,40,,Live,open-access/met-196476.jpg,"Second Arabesque by Edgar Degas — Bronze, modeled before 1885, cast 1920. A public-domain work from The Met collection (H.O. Havemeyer Collection, Bequest of Mrs. H.O. Havemeyer, 1929).",0,CC0,https://www.metmuseum.org/art/collection/search/196476,"The Metropolitan Museum of Art, Open Access. Public domain; image released under CC0.",
,Arabesque Devant,Edgar Degas,Public domain · The Met,art,3d-and-motion,2605,40,,Live,open-access/met-196469.jpg,"Arabesque Devant by Edgar Degas — Bronze, modeled probably ca. 1883–88, cast 1920. A public-domain work from The Met collection (H.O. Havemeyer Collection, Bequest of Mrs. H.O. Havemeyer, 1929).",0,CC0,https://www.metmuseum.org/art/collection/search/196469,"The Metropolitan Museum of Art, Open Access. Public domain; image released under CC0.",
,Prison Scene,Francesco Piranesi,Public domain · The Met,real-estate,architecture,550,100,,Live,open-access/met-366153.jpg,"Prison Scene by Francesco Piranesi — Etching, n.d.. A public-domain work from The Met collection (Rogers Fund, 1962).",0,CC0,https://www.metmuseum.org/art/collection/search/366153,"The Metropolitan Museum of Art, Open Access. Public domain; image released under CC0.",
,"View from the street entering beneath the gateway to the city of Pompeii, with the foot paths and the shops, from ""Antiquités de Pompeïa, tome premier, Antiquités de la Grande Grèce...""",Francesco Piranesi,Public domain · The Met,real-estate,architecture,815,100,,Live,open-access/met-408026.jpg,"View from the street entering beneath the gateway to the city of Pompeii, with the foot paths and the shops, from ""Antiquités de Pompeïa, tome premier, Antiquités de la Grande Grèce..."" (Antiquities of Pompeii, volume one, Antiquities of Great Greece...), volume 1, plate 8 by Francesco Piranesi — Etching, 1804. A public-domain work from The Met collection (Rogers Fund, transferred from the Library).",0,CC0,https://www.metmuseum.org/art/collection/search/408026,"The Metropolitan Museum of Art, Open Access. Public domain; image released under CC0.",
,"Vasi, candelabri, cippi, sarcofagi, tripodi, lucerne, ed ornamenti antichi disegnati ed incisi dal Cav. Gio. Batt. Piranesi, Vol. I",Giovanni Battista Piranesi,Public domain · The Met,real-estate,architecture,505,100,,Live,open-access/met-363375.jpg,"Vasi, candelabri, cippi, sarcofagi, tripodi, lucerne, ed ornamenti antichi disegnati ed incisi dal Cav. Gio. Batt. Piranesi, Vol. I (Vases, candelabra, grave stones, sarcophagi, tripods, lamps, and ornaments designed and etched by Cavalieri Giovanni Battista Piranesi) by Giovanni Battista Piranesi — Etching, 1778–80. A public-domain work from The Met collection (Rogers Fund, transferred from the Library).",0,CC0,https://www.metmuseum.org/art/collection/search/363375,"The Metropolitan Museum of Art, Open Access. Public domain; image released under CC0.",
,Salisbury Cathedral,Unknown,Public domain · The Met,real-estate,architecture,225,100,,Live,open-access/met-268887.jpg,"[Salisbury Cathedral] by Unknown — Albumen silver print from paper negative, 1850s. A public-domain work from The Met collection (David Hunter McAlpin Fund, 1946).",0,CC0,https://www.metmuseum.org/art/collection/search/268887,"The Metropolitan Museum of Art, Open Access. Public domain; image released under CC0.",
,Chartres Cathedral,Pierre Emile Joseph Pécarrère,Public domain · The Met,real-estate,architecture,270,100,,Live,open-access/met-285983.jpg,"Chartres Cathedral by Pierre Emile Joseph Pécarrère — Salted paper print from paper negative, 1850–52. A public-domain work from The Met collection (Gilman Collection, Museum Purchase, 2005).",0,CC0,https://www.metmuseum.org/art/collection/search/285983,"The Metropolitan Museum of Art, Open Access. Public domain; image released under CC0.",
,"Amalfi, Cathedral",Firmin-Eugène Le Dien,Public domain · The Met,real-estate,architecture,515,100,,Live,open-access/met-629831.jpg,"Amalfi, Cathedral by Firmin-Eugène Le Dien — Salted paper print from a waxed paper negative, 1853. A public-domain work from The Met collection (Purchase, Alfred Stieglitz Society Gifts, 2013).",0,CC0,https://www.metmuseum.org/art/collection/search/629831,"The Metropolitan Museum of Art, Open Access. Public domain; image released under CC0.",
,Architectural Drawing,"Anonymous, Italian, 18th century",Public domain · The Met,real-estate,architecture,380,100,,Live,open-access/met-340292.jpg,"Architectural Drawing by Anonymous, Italian, 18th century — Pen and black ink, brush and green-gray wash, over black chalk, on beige laid paper, 18th century. A public-domain work from The Met collection (The Elisha Whittelsey Collection, The Elisha Whittelsey Fund, 1949).",0,CC0,https://www.metmuseum.org/art/collection/search/340292,"The Metropolitan Museum of Art, Open Access. Public domain; image released under CC0.",
,Architectural Drawing for a Chapel,"Anonymous, Italian, Roman, 18th century",Public domain · The Met,real-estate,architecture,780,100,,Live,open-access/met-389658.jpg,"Architectural Drawing for a Chapel by Anonymous, Italian, Roman, 18th century — Pen and brown ink, gray and pink washes, 18th century. A public-domain work from The Met collection (The Elisha Whittelsey Collection, The Elisha Whittelsey Fund, 1949).",0,CC0,https://www.metmuseum.org/art/collection/search/389658,"The Metropolitan Museum of Art, Open Access. Public domain; image released under CC0.",
,Architectural Drawing for a Chapel and Hospital,de la Maire,Public domain · The Met,real-estate,architecture,435,100,,Live,open-access/met-343526.jpg,"Architectural Drawing for a Chapel and Hospital by de la Maire — Etching counterproof and wash, ca. 1767. A public-domain work from The Met collection (The Elisha Whittelsey Collection, The Elisha Whittelsey Fund, 1958).",0,CC0,https://www.metmuseum.org/art/collection/search/343526,"The Metropolitan Museum of Art, Open Access. Public domain; image released under CC0.",
,The Ramparts of Carcassonne,Gustave Le Gray,Public domain · The Met,real-estate,architecture,545,100,,Live,open-access/met-283107.jpg,"The Ramparts of Carcassonne by Gustave Le Gray — Salted paper print from waxed paper negative, 1851. A public-domain work from The Met collection (Gilman Collection, Purchase, Harriette and Noel Levine Gift, 2005).",0,CC0,https://www.metmuseum.org/art/collection/search/283107,"The Metropolitan Museum of Art, Open Access. Public domain; image released under CC0.",
,"Moonlight, Strandgade 30",Vilhelm Hammershøi,Public domain · The Met,real-estate,virtual-property,395,60,,Live,open-access/met-441933.jpg,"Moonlight, Strandgade 30 by Vilhelm Hammershøi — Oil on canvas, 1900–1906. A public-domain work from The Met collection (Purchase, European Paintings Funds, and Annette de la Renta Gift, 2012).",0,CC0,https://www.metmuseum.org/art/collection/search/441933,"The Metropolitan Museum of Art, Open Access. Public domain; image released under CC0.",
,The Visit,Pieter de Hooch,Public domain · The Met,real-estate,virtual-property,1550,60,,Live,open-access/met-436678.jpg,"The Visit by Pieter de Hooch — Oil on wood, ca. 1657. A public-domain work from The Met collection (H. O. Havemeyer Collection, Bequest of Mrs. H. O. Havemeyer, 1929).",0,CC0,https://www.metmuseum.org/art/collection/search/436678,"The Metropolitan Museum of Art, Open Access. Public domain; image released under CC0.",
,Interior with a Young Couple,Pieter de Hooch,Public domain · The Met,real-estate,virtual-property,1205,60,,Live,open-access/met-436675.jpg,"Interior with a Young Couple by Pieter de Hooch — Oil on canvas, probably ca. 1662–65. A public-domain work from The Met collection (Bequest of Benjamin Altman, 1913).",0,CC0,https://www.metmuseum.org/art/collection/search/436675,"The Metropolitan Museum of Art, Open Access. Public domain; image released under CC0.",
,"Woman with a Water Pitcher, and a Man by a Bed",Pieter de Hooch,Public domain · The Met,real-estate,virtual-property,910,60,,Live,open-access/met-436676.jpg,"Woman with a Water Pitcher, and a Man by a Bed by Pieter de Hooch — Oil on canvas, ca. 1667–70. A public-domain work from The Met collection (The Friedsam Collection, Bequest of Michael Friedsam, 1931).",0,CC0,https://www.metmuseum.org/art/collection/search/436676,"The Metropolitan Museum of Art, Open Access. Public domain; image released under CC0.",
,"Interior of Saint Peter's, Rome",Giovanni Paolo Panini,Public domain · The Met,real-estate,virtual-property,630,60,,Live,open-access/met-437246.jpg,"Interior of Saint Peter's, Rome by Giovanni Paolo Panini — Oil on canvas, after 1754. A public-domain work from The Met collection (Purchase, 1871).",0,CC0,https://www.metmuseum.org/art/collection/search/437246,"The Metropolitan Museum of Art, Open Access. Public domain; image released under CC0.",
,The Yellow Room,James McNeill Whistler,Public domain · The Met,real-estate,virtual-property,1430,60,,Live,open-access/met-760942.jpg,"The Yellow Room by James McNeill Whistler — Watercolor and gouache on paperboard, ca. 1883–84. A public-domain work from The Met collection (Marguerite and Frank A. Cosgrove Jr. Fund, 2017).",0,CC0,https://www.metmuseum.org/art/collection/search/760942,"The Metropolitan Museum of Art, Open Access. Public domain; image released under CC0.",
,"Mantel from Drawing Room of the Craig House, Baltimore, Maryland",American maker,Public domain · The Met,real-estate,virtual-property,1325,60,,Live,open-access/met-4934.jpg,"Mantel from Drawing Room of the Craig House, Baltimore, Maryland — Wood, ca. 1810. A public-domain work from The Met collection (Rogers Fund, 1918).",0,CC0,https://www.metmuseum.org/art/collection/search/4934,"The Metropolitan Museum of Art, Open Access. Public domain; image released under CC0.",
,Wentworth House,American maker,Public domain · The Met,real-estate,virtual-property,610,60,,Live,open-access/met-9790.jpg,"Wentworth House — Wood, oak, pine, 1695–1700. A public-domain work from The Met collection (Sage Fund, 1926).",0,CC0,https://www.metmuseum.org/art/collection/search/9790,"The Metropolitan Museum of Art, Open Access. Public domain; image released under CC0.",
,Helmet · German,German maker,Public domain · The Met,gaming,in-game-items,410,500,,Live,open-access/met-34339.jpg,"Helmet — Steel, gold, ca. 1550 and ca. 1875. A public-domain work from The Met collection (Bashford Dean Memorial Collection, Bequest of Bashford Dean, 1928).",0,CC0,https://www.metmuseum.org/art/collection/search/34339,"The Metropolitan Museum of Art, Open Access. Public domain; image released under CC0.",
,Helmet · German,German maker,Public domain · The Met,gaming,in-game-items,270,500,,Live,open-access/met-24667.jpg,"Helmet — Steel, ca. 1535. A public-domain work from The Met collection (Purchase, Joseph Pulitzer Bequest, 1938).",0,CC0,https://www.metmuseum.org/art/collection/search/24667,"The Metropolitan Museum of Art, Open Access. Public domain; image released under CC0.",
,Helmet · Turkish,Turkish maker,Public domain · The Met,gaming,in-game-items,255,500,,Live,open-access/met-24027.jpg,"Helmet — Copper alloy (tombak), gold, leather, textile, late 16th century. A public-domain work from The Met collection (Bequest of George C. Stone, 1935).",0,CC0,https://www.metmuseum.org/art/collection/search/24027,"The Metropolitan Museum of Art, Open Access. Public domain; image released under CC0.",
,Sword · Western European (possibly Italian),Western European (possibly Italian) maker,Public domain · The Met,gaming,in-game-items,255,500,,Live,open-access/met-27458.jpg,"Sword — Steel, copper, wood, leather, ca. 1450. A public-domain work from The Met collection (Gift of William H. Riggs, 1913).",0,CC0,https://www.metmuseum.org/art/collection/search/27458,"The Metropolitan Museum of Art, Open Access. Public domain; image released under CC0.",
,"Shield · German, Landshut or Augsburg","German, Landshut or Augsburg maker",Public domain · The Met,gaming,in-game-items,355,500,,Live,open-access/met-25415.jpg,"Shield — Steel, gold, ca. 1560. A public-domain work from The Met collection (Rogers Fund, 1904).",0,CC0,https://www.metmuseum.org/art/collection/search/25415,"The Metropolitan Museum of Art, Open Access. Public domain; image released under CC0.",
,"Shield · Philippine, Moro","Philippine, Moro maker",Public domain · The Met,gaming,in-game-items,400,500,,Live,open-access/met-31791.jpg,"Shield — Wood, polychromy, 18th–19th century. A public-domain work from The Met collection (Bequest of George C. Stone, 1935).",0,CC0,https://www.metmuseum.org/art/collection/search/31791,"The Metropolitan Museum of Art, Open Access. Public domain; image released under CC0.",
,"Shield · Italian, probably Bologna",Girolamo da Treviso,Public domain · The Met,gaming,in-game-items,195,500,,Live,open-access/met-24693.jpg,"Shield by Girolamo da Treviso — Wood, linen, gesso, gold leaf, polychromy, ca. 1535. A public-domain work from The Met collection (Gift of Stephen V. Grancsay, 1942).",0,CC0,https://www.metmuseum.org/art/collection/search/24693,"The Metropolitan Museum of Art, Open Access. Public domain; image released under CC0.",
,"Armor · German, possibly Lower Saxony","German, possibly Lower Saxony maker",Public domain · The Met,gaming,in-game-items,80,500,,Live,open-access/met-35937.jpg,"Armor — Steel, leather, ca. 1540–50 and later. A public-domain work from The Met collection (Armor: Bashford Dean Memorial Collection, Gift of Helen Fahnestock Hubbard, in memory of her father, Harris C. Fahnestock, 1929; mail: Bashford Dean Memorial Collection, Funds from various donors, 1929).",0,CC0,https://www.metmuseum.org/art/collection/search/35937,"The Metropolitan Museum of Art, Open Access. Public domain; image released under CC0.",
,"Dagger · Indian, Deccan, possibly Hyderabad","Indian, Deccan, possibly Hyderabad maker",Public domain · The Met,gaming,in-game-items,320,500,,Live,open-access/met-31838.jpg,"Dagger — Steel, nephrite, silver, gold, 17th–18th century. A public-domain work from The Met collection (Bequest of George C. Stone, 1935).",0,CC0,https://www.metmuseum.org/art/collection/search/31838,"The Metropolitan Museum of Art, Open Access. Public domain; image released under CC0.",
,"Dagger (Bichuwa) · Indian, Thanjavur","Indian, Thanjavur maker",Public domain · The Met,gaming,in-game-items,265,500,,Live,open-access/met-647416.jpg,"Dagger (Bichuwa) — Steel, gold, 17th century. A public-domain work from The Met collection (Purchase, Arthur Ochs Sulzberger Gift, 2014).",0,CC0,https://www.metmuseum.org/art/collection/search/647416,"The Metropolitan Museum of Art, Open Access. Public domain; image released under CC0.",
,"Sumo Wrestlers Kagamiiwa Hamanosuke and Koyanagi Tsunekichi, with Judge Sakaigawa Namiemon and Referee Shikimori Kiichirō",Utagawa Kuniyoshi,Public domain · The Met,gaming,characters,170,300,,Live,open-access/met-931213.jpg,"Sumo Wrestlers Kagamiiwa Hamanosuke and Koyanagi Tsunekichi, with Judge Sakaigawa Namiemon and Referee Shikimori Kiichirō by Utagawa Kuniyoshi — Woodblock print (nishiki-e); ink and color on paper, 1847–52 (Kōka 4–Kaei 5). A public-domain work from The Met collection (Gift of the Pinkowitz family, 2025).",0,CC0,https://www.metmuseum.org/art/collection/search/931213,"The Metropolitan Museum of Art, Open Access. Public domain; image released under CC0.",
,The Warrior Slaying the Giant White Hihi,Utagawa Yoshitora,Public domain · The Met,gaming,characters,190,300,,Live,open-access/met-63376.jpg,"The Warrior Slaying the Giant White Hihi by Utagawa Yoshitora — Woodblock print; ink and color on paper, 1859, 2nd month. A public-domain work from The Met collection (Purchase, Arnold Weinstein Gift, 2001).",0,CC0,https://www.metmuseum.org/art/collection/search/63376,"The Metropolitan Museum of Art, Open Access. Public domain; image released under CC0.",
,Kabuki Actor Ichikawa Ebizō,Tōshūsai Sharaku,Public domain · The Met,gaming,characters,145,300,,Live,open-access/met-37368.jpg,"Kabuki Actor Ichikawa Ebizō (Ichikawa Danjūrō V) in the play The Colored Reins of a Loving Wife (Koi nyōbō somewake tazuna) by Tōshūsai Sharaku — Woodblock print; ink and color on paper with mica ground, 5th month, 1794. A public-domain work from The Met collection (Harris Brisbane Dick Fund and Rogers Fund, 1949).",0,CC0,https://www.metmuseum.org/art/collection/search/37368,"The Metropolitan Museum of Art, Open Access. Public domain; image released under CC0.",
,The Actor Sawamura Sojuro III,Tōshūsai Sharaku,Public domain · The Met,gaming,characters,550,300,,Live,open-access/met-37348.jpg,"The Actor Sawamura Sojuro III by Tōshūsai Sharaku — Woodblock print; ink and color on paper, 1794–95. A public-domain work from The Met collection (The Howard Mansfield Collection, Purchase, Rogers Fund, 1936).",0,CC0,https://www.metmuseum.org/art/collection/search/37348,"The Metropolitan Museum of Art, Open Access. Public domain; image released under CC0.",
,The Actor Ichikawa Yaozō III,Tōshūsai Sharaku,Public domain · The Met,gaming,characters,300,300,,Live,open-access/met-37350.jpg,"The Actor Ichikawa Yaozō III by Tōshūsai Sharaku — Woodblock print; ink and color on paper (hoso-e, Yellow ground), ca. 1794. A public-domain work from The Met collection (The Howard Mansfield Collection, Purchase, Rogers Fund, 1936).",0,CC0,https://www.metmuseum.org/art/collection/search/37350,"The Metropolitan Museum of Art, Open Access. Public domain; image released under CC0.",
,The Actor Nakayama Kumetaro II,Tōshūsai Sharaku,Public domain · The Met,gaming,characters,180,300,,Live,open-access/met-37351.jpg,"The Actor Nakayama Kumetaro II by Tōshūsai Sharaku — Left-hand sheet of a triptych of woodblock prints; ink and color on paper, 1794. A public-domain work from The Met collection (The Howard Mansfield Collection, Purchase, Rogers Fund, 1936).",0,CC0,https://www.metmuseum.org/art/collection/search/37351,"The Metropolitan Museum of Art, Open Access. Public domain; image released under CC0.",
,Kabuki Actor,Utagawa Toyoshige,Public domain · The Met,gaming,characters,570,300,,Live,open-access/met-54465.jpg,"Kabuki Actor by Utagawa Toyoshige — Woodblock print (surimono); ink and color on paper. A public-domain work from The Met collection (H. O. Havemeyer Collection, Bequest of Mrs. H. O. Havemeyer, 1929).",0,CC0,https://www.metmuseum.org/art/collection/search/54465,"The Metropolitan Museum of Art, Open Access. Public domain; image released under CC0.",
,Kabuki Actor,Torii Kiyonobu I,Public domain · The Met,gaming,characters,230,300,,Live,open-access/met-56610.jpg,"Kabuki Actor by Torii Kiyonobu I — Woodblock print; ink and color on paper, ca. 1708. A public-domain work from The Met collection (Harris Brisbane Dick Fund and Rogers Fund, 1949).",0,CC0,https://www.metmuseum.org/art/collection/search/56610,"The Metropolitan Museum of Art, Open Access. Public domain; image released under CC0.",
,Actor as a Samurai Youth,Torii Kiyotada,Public domain · The Met,gaming,characters,435,300,,Live,open-access/met-54487.jpg,"Actor as a Samurai Youth by Torii Kiyotada — Woodblock print; ink and color on paper (Urushi-e), ca. 1735. A public-domain work from The Met collection (Gift of Estate of Samuel Isham, 1914).",0,CC0,https://www.metmuseum.org/art/collection/search/54487,"The Metropolitan Museum of Art, Open Access. Public domain; image released under CC0.",
,The Fifth Ichikawa Danjuro as a Samurai,Katsukawa Shunkō,Public domain · The Met,gaming,characters,205,300,,Live,open-access/met-36765.jpg,"The Fifth Ichikawa Danjuro as a Samurai by Katsukawa Shunkō — Woodblock print; ink and color on paper, ca. 1780–85. A public-domain work from The Met collection (Purchase, Joseph Pulitzer Bequest, 1918).",0,CC0,https://www.metmuseum.org/art/collection/search/36765,"The Metropolitan Museum of Art, Open Access. Public domain; image released under CC0.",
,"Antelope, from the Quadrupeds series",Allen & Ginter,Public domain · The Met,gaming,collectible-cards,25,1000,,Live,open-access/met-409092.jpg,"Antelope, from the Quadrupeds series (N21) for Allen & Ginter Cigarettes by Allen & Ginter — Commercial color lithograph, 1890. A public-domain work from The Met collection (The Jefferson R. Burdick Collection, Gift of Jefferson R. Burdick).",0,CC0,https://www.metmuseum.org/art/collection/search/409092,"The Metropolitan Museum of Art, Open Access. Public domain; image released under CC0.",
,"Bighorn, from the Quadrupeds series",Allen & Ginter,Public domain · The Met,gaming,collectible-cards,75,1000,,Live,open-access/met-409124.jpg,"Bighorn, from the Quadrupeds series (N21) for Allen & Ginter Cigarettes by Allen & Ginter — Commercial color lithograph, 1890. A public-domain work from The Met collection (The Jefferson R. Burdick Collection, Gift of Jefferson R. Burdick).",0,CC0,https://www.metmuseum.org/art/collection/search/409124,"The Metropolitan Museum of Art, Open Access. Public domain; image released under CC0.",
,"Donohue, from the Old Judge series (N172) for Old Judge Cigarettes",Goodwin & Company,Public domain · The Met,gaming,collectible-cards,160,1000,,Live,open-access/met-404636.jpg,"Donohue, from the Old Judge series (N172) for Old Judge Cigarettes by Goodwin & Company — Albumen photograph, 1887–90. A public-domain work from The Met collection (The Jefferson R. Burdick Collection, Gift of Jefferson R. Burdick).",0,CC0,https://www.metmuseum.org/art/collection/search/404636,"The Metropolitan Museum of Art, Open Access. Public domain; image released under CC0.",
,"Dwyer, Pitcher, from the Old Judge series",Goodwin & Company,Public domain · The Met,gaming,collectible-cards,100,1000,,Live,open-access/met-401981.jpg,"Dwyer, Pitcher, from the Old Judge series (N172) for Old Judge Cigarettes by Goodwin & Company — Albumen photograph, 1888. A public-domain work from The Met collection (The Jefferson R. Burdick Collection, Gift of Jefferson R. Burdick).",0,CC0,https://www.metmuseum.org/art/collection/search/401981,"The Metropolitan Museum of Art, Open Access. Public domain; image released under CC0.",
,"Kelly, Boston, from the Old Judge series",Goodwin & Company,Public domain · The Met,gaming,collectible-cards,155,1000,,Live,open-access/met-401406.jpg,"Kelly, Boston, from the Old Judge series (N172) for Old Judge Cigarettes by Goodwin & Company — Albumen photograph, 1889. A public-domain work from The Met collection (The Jefferson R. Burdick Collection, Gift of Jefferson R. Burdick).",0,CC0,https://www.metmuseum.org/art/collection/search/401406,"The Metropolitan Museum of Art, Open Access. Public domain; image released under CC0.",
,"F.L. Cushman, from the Old Judge series",Goodwin & Company,Public domain · The Met,gaming,collectible-cards,125,1000,,Live,open-access/met-404637.jpg,"F.L. Cushman, from the Old Judge series (N172) for Old Judge Cigarettes by Goodwin & Company — Albumen photograph, 1887–90. A public-domain work from The Met collection (The Jefferson R. Burdick Collection, Gift of Jefferson R. Burdick).",0,CC0,https://www.metmuseum.org/art/collection/search/404637,"The Metropolitan Museum of Art, Open Access. Public domain; image released under CC0.",
,"Baseball Batter, from the Games and Sports series",Goodwin & Company,Public domain · The Met,gaming,collectible-cards,95,1000,,Live,open-access/met-400638.jpg,"Baseball Batter, from the Games and Sports series (N165) for Old Judge Cigarettes by Goodwin & Company — Commercial color lithograph, 1889. A public-domain work from The Met collection (The Jefferson R. Burdick Collection, Gift of Jefferson R. Burdick).",0,CC0,https://www.metmuseum.org/art/collection/search/400638,"The Metropolitan Museum of Art, Open Access. Public domain; image released under CC0.",
,"Baseball Catcher, from the Games and Sports series",Goodwin & Company,Public domain · The Met,gaming,collectible-cards,160,1000,,Live,open-access/met-400636.jpg,"Baseball Catcher, from the Games and Sports series (N165) for Old Judge Cigarettes by Goodwin & Company — Commercial color lithograph, 1889. A public-domain work from The Met collection (The Jefferson R. Burdick Collection, Gift of Jefferson R. Burdick).",0,CC0,https://www.metmuseum.org/art/collection/search/400636,"The Metropolitan Museum of Art, Open Access. Public domain; image released under CC0.",
,"Allen, Shortstop, Pittsburgh, from the Old Judge series",Goodwin & Company,Public domain · The Met,gaming,collectible-cards,100,1000,,Live,open-access/met-402709.jpg,"Allen, Shortstop, Pittsburgh, from the Old Judge series (N172) for Old Judge Cigarettes by Goodwin & Company — Albumen photograph, 1889. A public-domain work from The Met collection (The Jefferson R. Burdick Collection, Gift of Jefferson R. Burdick).",0,CC0,https://www.metmuseum.org/art/collection/search/402709,"The Metropolitan Museum of Art, Open Access. Public domain; image released under CC0.",
,"Andrew J. ""Andy"" Cusick, 1st Base, Milwaukee, from the Old Judge series",Goodwin & Company,Public domain · The Met,gaming,collectible-cards,155,1000,,Live,open-access/met-403611.jpg,"Andrew J. ""Andy"" Cusick, 1st Base, Milwaukee, from the Old Judge series (N172) for Old Judge Cigarettes by Goodwin & Company — Albumen photograph, 1888. A public-domain work from The Met collection (The Jefferson R. Burdick Collection, Gift of Jefferson R. Burdick).",0,CC0,https://www.metmuseum.org/art/collection/search/403611,"The Metropolitan Museum of Art, Open Access. Public domain; image released under CC0.",
,"Merced River, Yosemite Valley",Albert Bierstadt,Public domain · The Met,gaming,worlds-and-land,1225,40,,Live,open-access/met-10150.jpg,"Merced River, Yosemite Valley by Albert Bierstadt — Oil on canvas, 1866. A public-domain work from The Met collection (Gift of the sons of William Paton, 1909).",0,CC0,https://www.metmuseum.org/art/collection/search/10150,"The Metropolitan Museum of Art, Open Access. Public domain; image released under CC0.",
,Canadian Rockies (Lake Louise),Albert Bierstadt,Public domain · The Met,gaming,worlds-and-land,2060,40,,Live,open-access/met-10149.jpg,"Canadian Rockies (Lake Louise) by Albert Bierstadt — Oil on paper mounted to board, ca. 1889. A public-domain work from The Met collection (Bequest of Ruth Alms Barnard, 1981).",0,CC0,https://www.metmuseum.org/art/collection/search/10149,"The Metropolitan Museum of Art, Open Access. Public domain; image released under CC0.",
,"Nevada Falls, Yosemite",Albert Bierstadt,Public domain · The Met,gaming,worlds-and-land,3050,40,,Live,open-access/met-10152.jpg,"Nevada Falls, Yosemite by Albert Bierstadt — Oil on canvas, 1872 or 1873. A public-domain work from The Met collection (Gift of Mrs. J. Augustus Barnard, 1979).",0,CC0,https://www.metmuseum.org/art/collection/search/10152,"The Metropolitan Museum of Art, Open Access. Public domain; image released under CC0.",
,A View near Tivoli (Morning),Thomas Cole,Public domain · The Met,gaming,worlds-and-land,2450,40,,Live,open-access/met-10500.jpg,"A View near Tivoli (Morning) by Thomas Cole — Oil on canvas, 1832. A public-domain work from The Met collection (Rogers Fund, 1903).",0,CC0,https://www.metmuseum.org/art/collection/search/10500,"The Metropolitan Museum of Art, Open Access. Public domain; image released under CC0.",
,View on the Catskill—Early Autumn,Thomas Cole,Public domain · The Met,gaming,worlds-and-land,1615,40,,Live,open-access/met-10501.jpg,"View on the Catskill—Early Autumn by Thomas Cole — Oil on canvas, 1836–37. A public-domain work from The Met collection (Gift in memory of Jonathan Sturges by his children, 1895).",0,CC0,https://www.metmuseum.org/art/collection/search/10501,"The Metropolitan Museum of Art, Open Access. Public domain; image released under CC0.",
,"View from Mount Holyoke, Northampton, Massachusetts, after a Thunderstorm—The Oxbow",Thomas Cole,Public domain · The Met,gaming,worlds-and-land,1460,40,,Live,open-access/met-10497.jpg,"View from Mount Holyoke, Northampton, Massachusetts, after a Thunderstorm—The Oxbow by Thomas Cole — Oil on canvas, 1836. A public-domain work from The Met collection (Gift of Mrs. Russell Sage, 1908).",0,CC0,https://www.metmuseum.org/art/collection/search/10497,"The Metropolitan Museum of Art, Open Access. Public domain; image released under CC0.",
,Heart of the Andes,Frederic Edwin Church,Public domain · The Met,gaming,worlds-and-land,845,40,,Live,open-access/met-10481.jpg,"Heart of the Andes by Frederic Edwin Church — Oil on canvas, 1859. A public-domain work from The Met collection (Bequest of Margaret E. Dows, 1909).",0,CC0,https://www.metmuseum.org/art/collection/search/10481,"The Metropolitan Museum of Art, Open Access. Public domain; image released under CC0.",
,The Parthenon,Frederic Edwin Church,Public domain · The Met,gaming,worlds-and-land,3505,40,,Live,open-access/met-10482.jpg,"The Parthenon by Frederic Edwin Church — Oil on canvas, 1871. A public-domain work from The Met collection (Bequest of Maria DeWitt Jesup, from the collection of her husband, Morris K. Jesup, 1914).",0,CC0,https://www.metmuseum.org/art/collection/search/10482,"The Metropolitan Museum of Art, Open Access. Public domain; image released under CC0.",
,The Aegean Sea,Frederic Edwin Church,Public domain · The Met,gaming,worlds-and-land,1680,40,,Live,open-access/met-10480.jpg,"The Aegean Sea by Frederic Edwin Church — Oil on canvas, ca. 1877. A public-domain work from The Met collection (Bequest of Mrs. William H. Osborn, 1902).",0,CC0,https://www.metmuseum.org/art/collection/search/10480,"The Metropolitan Museum of Art, Open Access. Public domain; image released under CC0.",
,Storm below Mount Fuji (Sanka no haku u),Katsushika Hokusai,Public domain · The Met,gaming,worlds-and-land,2140,40,,Live,open-access/met-36492.jpg,"Storm below Mount Fuji (Sanka no haku u), from the series Thirty-six Views of Mount Fuji (Fugaku sanjūrokkei) by Katsushika Hokusai — Woodblock print; ink and color on paper, ca. 1830–32. A public-domain work from The Met collection (Rogers Fund, 1914).",0,CC0,https://www.metmuseum.org/art/collection/search/36492,"The Metropolitan Museum of Art, Open Access. Public domain; image released under CC0.",
,"South Wind, Clear Sky (Gaifū kaisei), also known as Red Fuji",Katsushika Hokusai,Public domain · The Met,gaming,worlds-and-land,1035,40,,Live,open-access/met-55736.jpg,"South Wind, Clear Sky (Gaifū kaisei), also known as Red Fuji, from the series Thirty-six Views of Mount Fuji (Fugaku sanjūrokkei) by Katsushika Hokusai — Woodblock print; ink and color on paper, ca. 1830–32. A public-domain work from The Met collection (Henry L. Phillips Collection, Bequest of Henry L. Phillips, 1939).",0,CC0,https://www.metmuseum.org/art/collection/search/55736,"The Metropolitan Museum of Art, Open Access. Public domain; image released under CC0.",
,Fujimigahara in Owari Province (Bishū Fujimigahara),Katsushika Hokusai,Public domain · The Met,gaming,worlds-and-land,2450,40,,Live,open-access/met-36500.jpg,"Fujimigahara in Owari Province (Bishū Fujimigahara), from the series Thirty-six Views of Mount Fuji (Fugaku sanjūrokkei) by Katsushika Hokusai — Woodblock print; ink and color on paper, ca. 1830–32. A public-domain work from The Met collection (Rogers Fund, 1914).",0,CC0,https://www.metmuseum.org/art/collection/search/36500,"The Metropolitan Museum of Art, Open Access. Public domain; image released under CC0.",
,Flow Ledger,Terra Ledger Studio,Terra Ledger Studio,art,generative,420,128,,Live,studio/flow-ledger.jpg,"Generative work rendered from code (style “flow”, seed 101). The same seed always draws the same image.",10,PROPRIETARY,,,
,Contour Bloom,Terra Ledger Studio,Terra Ledger Studio,art,generative,360,128,,Live,studio/contour-bloom.jpg,"Generative work rendered from code (style “contour”, seed 102). The same seed always draws the same image.",10,PROPRIETARY,,,
,Parcel Weave,Terra Ledger Studio,Terra Ledger Studio,art,generative,240,256,,Live,studio/parcel-weave.jpg,"Generative work rendered from code (style “truchet”, seed 103). The same seed always draws the same image.",10,PROPRIETARY,,,
,Packed Light,Terra Ledger Studio,Terra Ledger Studio,art,generative,300,128,,Live,studio/packed-light.jpg,"Generative work rendered from code (style “packing”, seed 104). The same seed always draws the same image.",10,PROPRIETARY,,,
,Moiré Deed,Terra Ledger Studio,Terra Ledger Studio,art,generative,280,192,,Live,studio/moire-deed.jpg,"Generative work rendered from code (style “moire”, seed 105). The same seed always draws the same image.",10,PROPRIETARY,,,
,Survey Lines,Terra Ledger Studio,Terra Ledger Studio,art,generative,380,128,,Live,studio/survey-lines.jpg,"Generative work rendered from code (style “survey”, seed 106). The same seed always draws the same image.",10,PROPRIETARY,,,
,Parcel Grid,Terra Ledger Studio,Terra Ledger Studio,art,generative,520,64,,Live,studio/parcel-grid.jpg,"Generative work rendered from code (style “subdivide”, seed 107). The same seed always draws the same image.",10,PROPRIETARY,,,
,Tidal Bands,Terra Ledger Studio,Terra Ledger Studio,art,generative,260,256,,Live,studio/tidal-bands.jpg,"Generative work rendered from code (style “bands”, seed 108). The same seed always draws the same image.",10,PROPRIETARY,,,
,Orbit Study,Terra Ledger Studio,Terra Ledger Studio,art,generative,340,128,,Live,studio/orbit-study.jpg,"Generative work rendered from code (style “orbits”, seed 109). The same seed always draws the same image.",10,PROPRIETARY,,,
,Prism Rays,Terra Ledger Studio,Terra Ledger Studio,art,generative,450,96,,Live,studio/prism-rays.jpg,"Generative work rendered from code (style “rays”, seed 110). The same seed always draws the same image.",10,PROPRIETARY,,,
